<?xml version="1.0" encoding="UTF-8" standalone="yes"?>
<addon id="plugin.video.cherry" name="KodiCherry" version="1.5.2" provider-name="Kodi Cherry">
  <requires>
    <import addon="xbmc.python" version="2.1.0"/>
  </requires>
  <extension point="xbmc.python.pluginsource" library="default.py">
        <provides>video executable</provides>
  </extension>
  <extension point="xbmc.addon.metadata">
    <summary lang="en">Kodi Cherry</summary>
    <description lang="en">Kodi Cherry najlepsze zakladki na kodi.Przygotowana wersja dla Kodi 17.1 Krypton.Zapraszam na: https://www.facebook.com/kodicherrykodi</description>
	<website>https://www.facebook.com/kodicherrykodi</website>
    <platform>all</platform>
  </extension>
</addon>
